{
 "baseline": {
  "tdis_tot": 21.408637265613642,
  "idis_tot": 9141.559410046144,
  "ener_tot": 8.24351289540961,
  "cost_tot": 0.8145745610598426,
  "emis_tot": 1.4321317708442538,
  "pele_tot": 0.0017390231869758264,
  "pgas_tot": 0.09592720495532532,
  "pdih_tot": null,
  "time_rat": 5.441787145125173e-05
 },
 "pi": {
  "tdis_tot": 25.479605654090438,
  "idis_tot": 8868.630227281894,
  "ener_tot": 8.225922211302345,
  "cost_tot": 0.8101762342507324,
  "emis_tot": 1.4312912806503604,
  "pele_tot": 0.0017390231869758264,
  "pgas_tot": 0.09592720495532532,
  "pdih_tot": null,
  "time_rat": 6.442430552351411e-05
 },
 "stock": {
  "tdis_tot": 69.65942428112712,
  "idis_tot": 10746.518624689106,
  "ener_tot": 8.060905267531885,
  "cost_tot": 0.7994137469490019,
  "emis_tot": 1.3978285759285876,
  "pele_tot": 0.0017390231869758264,
  "pgas_tot": 0.09272963145681447,
  "pdih_tot": null,
  "time_rat": 6.353100318284262e-05
 },
 "ladder": {
  "tdis_tot": 52.03873538259796,
  "idis_tot": 7825.315475245054,
  "ener_tot": 8.227390882297895,
  "cost_tot": 0.8071483431810644,
  "emis_tot": 1.434207905985126,
  "pele_tot": 0.0017390231869758264,
  "pgas_tot": 0.09592720495532532,
  "pdih_tot": null,
  "time_rat": 6.889979576780683e-05
 }
}